{
  "$schema": "http://schema.management.azure.com/schemas/2015-01-01/deploymentTemplate.json#",
  "contentVersion": "1.0.0.0",
  "parameters": {
    "newLabName": {
      "type": "string",
      "metadata": {
        "description": "The name of the new lab instance to be created"
      }
    },
    "otherLabName": {
      "type": "string",
      "defaultValue": "defaultFromtemplatefile",
      "metadata": {
        "description": "The name of the new lab instance to be created"
      }
    },
    "timeZoneId": {
      "type": "string",
      "defaultValue": "UTC",
      "metadata": {
        "description": "The timezone of the lab."
      }
    },
    "labVmShutDownTime": {
      "type": "string",
      "minLength": 5,
      "maxLength": 5,
      "defaultValue": "23:00",
      "metadata": {
        "description": "Set 'Auto Shutdown' policy: The UTC time at which the Lab VMs will be automatically shutdown (E.g. 17:30, 20:00, 09:00)."
      }
    },
    "maxAllowedVmsPerUser": {
      "type": "int",
      "minValue": 0,
      "defaultValue": 11,
      "metadata": {
        "description": "Set 'max VM allowed per user' policy: The maximum number of VMs allowed per user."
      }
    },
    "maxAllowedVmsPerLab": {
      "type": "int",
      "minValue": 0,
      "defaultValue": 101,
      "metadata": {
        "description": "Set 'Total VMs allowed in Lab' policy: The maximum number of VMs allowed per lab."
      }
    },
    "allowedVmSizes": {
      "type": "string",
      "defaultValue": "\"Standard_DS1_v2\", \"Standard_DS3_v2\", \"Standard_DS11_v2\"",
      "minLength": 3,
      "metadata": {
        "description": "Set 'allowed VM sizes' policy: A comma-separated list of VM sizes that are allowed in the lab."
      }
    },
    "artifactRepoUri": {
      "type": "string",
      "defaultValue": "https://xiaoying.visualstudio.com/DefaultCollection/_git/azure-devtestlabsdemo",
      "metadata": {
        "description": "Set 'artifact repository': the Git clone URI."
      }
    },
    "artifactRepoFolder": {
      "type": "string",
      "defaultValue": "AzureConDemofromtemplatefile",
      "metadata": {
        "description": "Set 'artifact repository': the target folder in the repo."
      }
    },
    "artifactRepoBranch": {
      "type": "string",
      "defaultValue": "master",
      "metadata": {
        "description": "Set 'artifact repository': the target branch in the repo."
      }
    },
    "artifactRepoDisplayName": {
      "type": "string",
      "defaultValue": "FabrikamPrivateRepo",
      "metadata": {
        "description": "Set 'artifact repository': the display name of the repo."
      }
    },
    "artifactRepoSecurityToken": {
      "type": "securestring",
      "defaultValue": "r6q3xzzswszoync4qm7kn3abrovvbox3ar4zabzmkzortjiiutua",
      "metadata": {
        "description": "Set 'artifact repository': the personal access token of the repo."
      }
    },
    "artifactRepoType": {
      "type": "string",
      "defaultValue": "VsoGit",
      "metadata": {
        "description": "Set 'artifact repository': the Git repo type."
      }
    },
    "pilotVMName": {
      "type": "string",
      "defaultValue": "TestBox001",
      "metadata": {
        "description": "VM #1: Its name."
      }
    },
    "VMSize": {
      "type": "string",
      "defaultValue": "Standard_DS1_v2",
      "metadata": {
        "description": "The size of all the VMs to be created in the lab."
      }
    },
    "VMStorageType": {
      "type": "string",
      "defaultValue": "Premium",
      "metadata": {
        "description": "The storage type ('Premium' or 'Standard') of all the VMs to be created in the lab."
      }
    },
    "username": {
      "type": "string",
      "defaultValue": "demolab",
      "metadata": {
        "description": "The username for the local account that will be created on all the new VMs."
      }
    },
    "password": {
      "type": "securestring",
      "defaultValue": "<3DevTestLabs!",
      "metadata": {
        "description": "The password for the local account that will be created on all the new VMs."
      }
    },
    "devBoxTemplateName": {
      "type": "string",
      "defaultValue": "Fabrikam Dev Box",
      "metadata": {
        "description": "Name of custom image #1."
      }
    },
    "devBoxTemplateDescription": {
      "type": "string",
      "defaultValue": "Fabrikam Dev box environment",
      "metadata": {
        "description": "Description of custom image #1."
      }
    },
    "testBoxTemplateName": {
      "type": "string",
      "defaultValue": "Fabrikam Test Box",
      "metadata": {
        "description": "Name of custom image #2."
      }
    },
    "testBoxTemplateDescription": {
      "type": "string",
      "defaultValue": "Fabrikam Test box environment",
      "metadata": {
        "description": "Description of custom image #2."
      }
    },
    "goldenImageTemplateName": {
      "type": "string",
      "defaultValue": "Fabrikam Latest Testing Build 0219",
      "metadata": {
        "description": "Name of custom image #3."
      }
    },
    "goldenImageTemplateDescription": {
      "type": "string",
      "defaultValue": "Latest testing build 100219 from VSO",
      "metadata": {
        "description": "Description of custom image #3."
      }
    },
    "devBoxVMName": {
      "type": "string",
      "defaultValue": "DevBox001",
      "metadata": {
        "description": "Name of VM #2 (using custom image #1)."
      }
    },
    "testBoxVMName": {
      "type": "string",
      "defaultValue": "TestBox002",
      "metadata": {
        "description": "Name of VM #3 (using custom image #2)."
      }
    },
    "goldenImageVMName": {
      "type": "string",
      "defaultValue": "TestLatest0219",
      "metadata": {
        "description": "Name of VM #4 (using custom image #3)."
      }
    }
  },
  "variables": {
    "labVirtualNetworkName": "[concat('Dtl', parameters('newLabName'))]"
  },
  "resources": [
    {
      "apiVersion": "2016-05-15",
      "type": "Microsoft.DevTestLab/labs",
      "name": "[parameters('newLabName')]",
      "location": "[resourceGroup().location]",
      "resources": [
        {
          "apiVersion": "2016-05-15",
          "name": "[variables('labVirtualNetworkName')]",
          "type": "virtualnetworks",
          "dependsOn": [
            "[resourceId('Microsoft.DevTestLab/labs', parameters('newLabName'))]"
          ]
        }
      ]
    }
  ],
  "outputs": {
    "labId": {
      "type": "string",
      "value": "[resourceId('Microsoft.DevTestLab/labs', parameters('newLabName'))]"
    }
  }
}
